Name,Distance,Link,Address,Phone Number
"Lake Forest Place Independent Living, a CCRC",1.8,https://www.aplaceformom.com/community/lake-forest-place-independent-living-a-ccrc-95478,"1100 Pembridge Dr., Lake Forest, IL 60045",(866) 896-1347
"The Admiral at the Lake, a CCRC",20.6,https://www.aplaceformom.com/community/the-admiral-at-the-lake-a-ccrc-1359480,"929 W Foster Ave, Chicago, IL 60640",(866) 896-1347
Encore at Crystal Lake,25.4,https://www.aplaceformom.com/community/encore-at-crystal-lake-146123,"495 Alexandra Blvd, Crystal Lake, IL 60014",(866) 896-1347
Azura Memory Care of Oak Creek,45.0,https://www.aplaceformom.com/community/azura-memory-care-of-oak-creek-1401680,"8772 S Mayhew Dr, Oak Creek, WI 53154",(866) 896-1347
Clarendale of Algonquin,24.8,https://www.aplaceformom.com/community/clarendale-of-algonquin-1395660,"2001 W Algonquin Rd, Algonquin, IL 60102",(866) 896-1347
Brookdale Des Plaines,13.9,https://www.aplaceformom.com/community/brookdale-des-plaines-68538,"800 South River Road, Des Plaines, IL 60016",(866) 896-1347
Brookdale Hoffman Estates,19.9,https://www.aplaceformom.com/community/brookdale-hoffman-estates-68612,"1515 Barrington Road, Hoffman Estates, IL 60169",(866) 896-1347
Encore at South Barrington,20.4,https://www.aplaceformom.com/community/encore-at-south-barrington-1369029,"215 Bartlett Rd, South Barrington, IL 60010",(866) 896-1347
Brookdale Glen Ellyn,28.1,https://www.aplaceformom.com/community/brookdale-glen-ellyn-89485,"60 North Nicoll Avenue, Glen Ellyn, IL 60137",(866) 896-1347
Green Oaks Senior Living,4.5,https://www.aplaceformom.com/community/green-oaks-senior-living-1383710,"14595 W Rockland Rd, Libertyville, IL 60048",(866) 896-1347
Clarendale of Mokena,48.6,https://www.aplaceformom.com/community/clarendale-of-mokena-1381423,"21536 South Wolf Road, Mokena, IL 60448",(866) 896-1347
Brookdale Northbrook,10.1,https://www.aplaceformom.com/community/brookdale-northbrook-102355,"4501 Concord Lane, Northbrook, IL 60062",(866) 896-1347
Melody Living Lake in the Hills,25.1,https://www.aplaceformom.com/community/melody-living-lake-in-the-hills-1441565,"525 Harvest Gate Rd, Lake in the Hills, IL 60156",(866) 896-1347
Brookdale Lisle,33.3,https://www.aplaceformom.com/community/brookdale-lisle-89650,"1700 Robin Lane, Lisle, IL 60532",(866) 896-1347
Bridgeway of Bensenville a CCRC,20.5,https://www.aplaceformom.com/community/bridgeway-of-bensenville-a-ccrc-89456,"303 E. Washington Street, Bensenville, IL 60106",(866) 896-1347
Belmont Village Lincoln Park,23.9,https://www.aplaceformom.com/community/belmont-village-lincoln-park-1414751,"700 W Fullerton Ave, Chicago, IL 60614",(866) 896-1347
StoryPoint Libertyville,5.0,https://www.aplaceformom.com/community/story-point-libertyville-94990,"901 Florsheim Rd, Libertyville, IL 60048",(866) 896-1347
StoryPoint Naperville,35.8,https://www.aplaceformom.com/community/story-point-naperville-94989,"504 N River Rd, Naperville, IL 60563",(866) 896-1347
Mercy Circle Senior Living,37.0,https://www.aplaceformom.com/community/mercy-circle-senior-living-1401771,"3659 W 99th Pl, Chicago, IL 60655",(866) 896-1347
Heartis Village Orland Park,43.9,https://www.aplaceformom.com/community/heartis-village-orland-park-1409696,"7420 West 159th Street, Orland Park, IL 60462",(866) 896-1347
The Carrington at Lincolnwood,17.3,https://www.aplaceformom.com/community/the-carrington-at-lincolnwood-1406169,"3501 Northeast Parkway, Lincolnwood, IL 60712",(866) 896-1347
Victory Centre of River Woods,22.8,https://www.aplaceformom.com/community/victory-centre-of-river-woods-98711,"1800 River Woods Drive, Melrose Park, IL 60160",(866) 896-1347
Westbrook Senior Living,22.3,https://www.aplaceformom.com/community/westbrook-senior-living-1374795,"110 W Schaumburg Road, Streamwood, IL 60107",(866) 896-1347
Lombard Place Assisted Living & Memory Care,28.5,https://www.aplaceformom.com/community/lombard-place-assisted-living-memory-care-1374793,"300 West 22nd St., Lombard, IL 60148",(866) 896-1347
Maple Glen Memory Care,30.2,https://www.aplaceformom.com/community/maple-glen-memory-care-1395435,"750 S Park Blvd, Glen Ellyn, IL 60137",(866) 896-1347
The Auberge at Highland Park,4.4,https://www.aplaceformom.com/community/the-auberge-at-highland-park-1357555,"1651 Richfield Avenue, Highland Park, IL 60035",(866) 896-1347
North Shore Place,7.8,https://www.aplaceformom.com/community/north-shore-place-1369418,"1000 Sunset Ridge Road, Northbrook, IL 60062",(866) 896-1347
Brookdale Oak Park,24.1,https://www.aplaceformom.com/community/brookdale-oak-park-68620,"1111 Ontario Street, Oak Park, IL 60302",(866) 896-1347
Dimensions Living Burr Ridge,32.9,https://www.aplaceformom.com/community/dimensions-living-burr-ridge-89638,"6801 High Grove Blvd, Burr Ridge, IL 60527",(866) 896-1347
Charter Senior Living of Glen Ellyn,26.9,https://www.aplaceformom.com/community/charter-senior-living-of-glen-ellyn-1381362,"190 Geneva Road, Glen Ellyn, IL 60137",(866) 896-1347
Cedar Lake Assisted Living & Memory Care,12.1,https://www.aplaceformom.com/community/cedar-lake-assisted-living-memory-care-1365081,"777 Church Street, Lake Zurich, IL 60047",(866) 896-1347
Silver Glen Senior Living,28.5,https://www.aplaceformom.com/community/silver-glen-senior-living-1438090,"1901 Silver Glen Rd, South Elgin, IL 60177",(866) 896-1347
The Waters of Oak Creek,45.0,https://www.aplaceformom.com/community/the-waters-of-oak-creek-1406448,"S 8000 Market Street, Oak Creek, WI 53154",(866) 896-1347
Azura Memory Care of Kenosha,24.8,https://www.aplaceformom.com/community/azura-memory-care-of-kenosha-98497,"4600 52nd Avenue, Kenosha, WI 53144",(866) 896-1347
Sunrise at Fountain Square,28.1,https://www.aplaceformom.com/community/sunrise-at-fountain-square-150493,"2210 Fountain Square Drive, Lombard, IL 60148",(866) 896-1347
Arden Courts of Geneva,34.5,https://www.aplaceformom.com/community/arden-courts-of-geneva-68591,"2388 Bricher Road, Geneva, IL 60134",(866) 896-1347
Palos Heights Senior Living,38.9,https://www.aplaceformom.com/community/palos-heights-senior-living-1411247,"7100 West College Drive, Palos Heights, IL 60463",(866) 896-1347
Plum Creek Supportive Living Community,15.0,https://www.aplaceformom.com/community/plum-creek-supportive-living-community-101955,"2801 Algonquin Rd, Rolling Meadows, IL 60008",(866) 896-1347
Arden Courts of South Holland,47.3,https://www.aplaceformom.com/community/arden-courts-of-south-holland-68660,"2045 E 170th Street, South Holland, IL 60473",(866) 896-1347
Sunrise of Gurnee,10.8,https://www.aplaceformom.com/community/sunrise-of-gurnee-97202,"500 North Hunt Club Road, Gurnee, IL 60031",(866) 896-1347
Autumn Green at Wright Campus,19.5,https://www.aplaceformom.com/community/autumn-green-at-wright-campus-139184,"4239 North Oak Park Avenue, Chicago, IL 60634",(866) 896-1347
Terra Vista of Oakbrook Terrace,27.0,https://www.aplaceformom.com/community/terra-vista-of-oakbrook-terrace-1381402,"1635 S Ardmore Ave, Oakbrook Terrace, IL 60181",(866) 896-1347
Brookdale Vernon Hills,4.8,https://www.aplaceformom.com/community/brookdale-vernon-hills-97380,"145 North Milwaukee Avenue, Vernon Hills, IL 60061",(866) 896-1347
The Oaks at Algonquin (Now Open),26.1,https://www.aplaceformom.com/community/the-oaks-at-algonquin-now-open-1438738,"2595 Harnish Dr, Algonquin, IL 60102",(866) 896-1347
Atria Park of Glen Ellyn,28.0,https://www.aplaceformom.com/community/atria-park-of-glen-ellyn-89487,"95 Carleton Avenue, Glen Ellyn, IL 60137",(866) 896-1347
Kenosha Place Senior Living,24.5,https://www.aplaceformom.com/community/kenosha-place-senior-living-1410590,"5048 Green Bay Rd, Kenosha, WI 53144",(866) 213-1272
New Perspective Long Grove,11.1,https://www.aplaceformom.com/community/new-perspective-long-grove-1401517,"2300 IL-53, Long Grove, IL 60047",(866) 213-1272
Burr Ridge Senior Living,35.9,https://www.aplaceformom.com/community/burr-ridge-senior-living-1411246,"16W301 91st Street, Burr Ridge, IL 60527",(866) 896-1347
The Cottages of Fox Lake,19.9,https://www.aplaceformom.com/community/the-cottages-of-fox-lake-101989,"16 Lilac Ave, Fox Lake, IL 60020",(866) 213-1272
The Pointe at Eastgate,22.9,https://www.aplaceformom.com/community/the-pointe-at-eastgate-97348,"101 Eastgate Ct, Algonquin, IL 60102",(866) 213-1272
Artis Senior Living of Lakeview,22.2,https://www.aplaceformom.com/community/artis-senior-living-of-lakeview-1413973,"3535 N Ashland Ave, Chicago, IL 60657",(866) 896-1347
Aspired Living of Prospect Heights,10.0,https://www.aplaceformom.com/community/aspired-living-of-prospect-heights-1397161,"708 N Elmhurst Rd, Prospect Heights, IL 60070",(866) 213-1272
Artis Senior Living of Elmhurst,26.4,https://www.aplaceformom.com/community/artis-senior-living-of-elmhurst-1404360,"123 W Brush Hill Rd, Elmhurst, IL 60126",(866) 896-1347
Deer Park Village,12.2,https://www.aplaceformom.com/community/deer-park-village-1381496,"21840 W Lake Cook Rd, Deer Park, IL 60010",(866) 896-1347
Brookdale Hawthorn Lakes in Vernon Hills Assisted Living,6.0,https://www.aplaceformom.com/community/brookdale-hawthorn-lakes-in-vernon-hills-assisted-living-145100,"10 East Hawthorn Parkway, Vernon Hills, IL 60061",(866) 896-1347
Sunrise of Willowbrook,32.6,https://www.aplaceformom.com/community/sunrise-of-willowbrook-95062,"6300 Clarendon Hills Road, Willowbrook, IL 60527",(866) 896-1347
HarborChase of Naperville,34.1,https://www.aplaceformom.com/community/harbor-chase-of-naperville-1393301,"1619 N. Mill St, Naperville, IL 60563",(866) 213-1272
Clarendale of Addison,22.5,https://www.aplaceformom.com/community/clarendale-of-addison-1421822,"1651 W Lake Street, Addison, IL 60101",(866) 896-1347
Arden Courts of Elk Grove,19.6,https://www.aplaceformom.com/community/arden-courts-of-elk-grove-89781,"1940 Nerge Rd, Elk Grove Village, IL 60007",(866) 896-1347
Belmont Village Geneva Road,27.4,https://www.aplaceformom.com/community/belmont-village-geneva-road-95402,"545 Belmont Lane, Carol Stream, IL 60188",(866) 896-1347
The Fountains of Crystal Lake,22.2,https://www.aplaceformom.com/community/the-fountains-of-crystal-lake-89367,"965 N Brighton Circle W, Crystal Lake, IL 60012",(866) 896-1347
Arbor Terrace Naperville,40.7,https://www.aplaceformom.com/community/arbor-terrace-naperville-1408243,"2920 Leverenz Rd, Naperville, IL 60564",(866) 896-1347
Atria at River Trail,39.4,https://www.aplaceformom.com/community/atria-at-river-trail-1413003,"370 North Weber Road, Bolingbrook, IL 60440",(866) 896-1347
Parkside Manor,23.4,https://www.aplaceformom.com/community/parkside-manor-151784,"6300 67th Street, Kenosha, WI 53142",(866) 896-1347
Grace Point Place Memory Care,36.8,https://www.aplaceformom.com/community/grace-point-place-memory-care-1411912,"5701 W 101st St, Oak Lawn, IL 60453",(866) 896-1347
Arbor Terrace Highland Park,4.3,https://www.aplaceformom.com/community/arbor-terrace-highland-park-1441720,"1000 Central Ave, Highland Park, IL 60035",(866) 896-1347
Brookdale Orland Park,44.2,https://www.aplaceformom.com/community/brookdale-orland-park-89610,"16051 South La Grange Road, Orland Park, IL 60467",(866) 896-1347
Brookdale Lake Shore Drive,23.5,https://www.aplaceformom.com/community/brookdale-lake-shore-drive-68758,"2960 North Lake Shore Drive, Chicago, IL 60657",(866) 896-1347
Sunrise of Flossmoor,49.5,https://www.aplaceformom.com/community/sunrise-of-flossmoor-68631,"19715 Governor Highway, Flossmoor, IL 60422",(866) 896-1347
The Auberge at Lake Zurich,12.4,https://www.aplaceformom.com/community/the-auberge-at-lake-zurich-140326,"555 America Ct, Lake Zurich, IL 60047",(866) 213-1272
Heritage Woods of Huntley,30.7,https://www.aplaceformom.com/community/heritage-woods-of-huntley-152084,"12450 Regency Pkwy, Huntley, IL 60142",(866) 896-1347
Brighton Gardens of Wheaton,30.8,https://www.aplaceformom.com/community/brighton-gardens-of-wheaton-68607,"831 East Butterfield Road, Wheaton, IL 60189",(866) 896-1347
Harbour Village,49.6,https://www.aplaceformom.com/community/harbour-village-67411,"5700 Mockingbird Lane, Greendale, WI 53129",(866) 896-1347
Waverly Inn Memory Care & Cottages,11.0,https://www.aplaceformom.com/community/waverly-inn-memory-care-cottages-1395436,"515 W Rand Rd, Arlington Heights, IL 60004",(866) 896-1347
Waterford Estates Senior Living,46.6,https://www.aplaceformom.com/community/waterford-estates-senior-living-68636,"17400 Kedzie Rd., Hazel Crest, IL 60429",(866) 896-1347
Charter Senior Living of Hazel Crest,47.7,https://www.aplaceformom.com/community/charter-senior-living-of-hazel-crest-1392487,"3701 W 183rd St, Hazel Crest, IL 60429",(866) 896-1347
The Sheridan at Oak Brook,27.1,https://www.aplaceformom.com/community/the-sheridan-at-oak-brook-1449873,"2055 Clearwater Dr, Oak Brook, IL 60523",(866) 896-1347
Ascension Living Fox Knoll Village,40.5,https://www.aplaceformom.com/community/ascension-living-fox-knoll-village-89626,"421 North Lake Street, Aurora, IL 60506",(866) 896-1347
Ascension Living Bethlehem Woods Village,28.8,https://www.aplaceformom.com/community/ascension-living-bethlehem-woods-village-89647,"1571 West Ogden Avenue, La Grange Park, IL 60526",(866) 896-1347
Sunrise of Naperville,35.4,https://www.aplaceformom.com/community/sunrise-of-naperville-89656,"960 East Chicago Avenue, Naperville, IL 60540",(866) 896-1347
Arden Courts of Glen Ellyn,30.3,https://www.aplaceformom.com/community/arden-courts-of-glen-ellyn-89484,"2 South 706 Park Blvd., Glen Ellyn, IL 60137",(866) 896-1347
Charter Senior Living Vernon Hills,6.1,https://www.aplaceformom.com/community/charter-senior-living-vernon-hills-146352,"500 Atrium Dr, Vernon Hills, IL 60061",(866) 896-1347
Brookdale Kenosha,23.4,https://www.aplaceformom.com/community/brookdale-kenosha-72397,"10108 74th Street, Kenosha, WI 53142",(866) 896-1347
"The Oaks at Bartlett, a CCRC",24.7,https://www.aplaceformom.com/community/the-oaks-at-bartlett-a-ccrc-139966,"825 Carillon Dr, Bartlett, IL 60103",(866) 896-1347
Caledonia Senior Living,27.5,https://www.aplaceformom.com/community/caledonia-senior-living-89661,"2800 Des Plaines Ave, North Riverside, IL 60546",(866) 896-1347
Anthology of Wheaton,29.6,https://www.aplaceformom.com/community/anthology-of-wheaton-1397603,"219 Parkway Dr, Wheaton, IL 60187",(866) 896-1347
Belmont Village Oak Park,24.9,https://www.aplaceformom.com/community/belmont-village-oak-park-89541,"1035 Madison Street, Oak Park, IL 60302",(866) 896-1347
Sedgebrook,5.4,https://www.aplaceformom.com/community/sedgebrook-139698,"800 Audubon Way, Lincolnshire, IL 60069",(866) 896-1347
Emerald Place,10.6,https://www.aplaceformom.com/community/emerald-place-1388162,"1879 Chestnut Avenue, Glenview, IL 60025",(866) 896-1347
Harvester Place,33.6,https://www.aplaceformom.com/community/harvester-place-1386329,"150 S Frontage Rd, Burr Ridge, IL 60527",(866) 896-1347
Arden Courts of Palos Heights,38.9,https://www.aplaceformom.com/community/arden-courts-of-palos-heights-68655,"7880 W College Dr, Palos Heights, IL 60463",(866) 896-1347
Artis of Bartlett,26.1,https://www.aplaceformom.com/community/artis-of-bartlett-1409228,"1035 S Route 59, Bartlett, IL 60103",(866) 896-1347
Atrium at Oak Crest Residence,26.5,https://www.aplaceformom.com/community/atrium-at-oak-crest-residence-68586,"204 South State Street, Elgin, IL 60123",(866) 213-1272
Park Place of Elmhurst,26.3,https://www.aplaceformom.com/community/park-place-of-elmhurst-1334829,"1150 Euclid Ave, Elmhurst, IL 60126",(866) 896-1347
Oak Trace a CCRC,33.3,https://www.aplaceformom.com/community/oak-trace-a-ccrc-68675,"200 Village Drive, Downers Grove, IL 60516",(866) 896-1347
The Landing on Dundee Senior Living,7.7,https://www.aplaceformom.com/community/the-landing-on-dundee-senior-living-1386952,"156 W Dundee Rd, Wheeling, IL 60090",(866) 896-1347
The Springs of Vernon Hills,4.8,https://www.aplaceformom.com/community/the-springs-of-vernon-hills-1381157,"350 S Milwaukee Ave, Vernon Hills, IL 60061",(866) 896-1347
Northbrook Inn Memory Care Community,7.8,https://www.aplaceformom.com/community/northbrook-inn-memory-care-community-1379316,"99 Pointe Dr, Northbrook, IL 60062",(866) 896-1347
Alden Gardens of Bloomingdale,23.6,https://www.aplaceformom.com/community/alden-gardens-of-bloomingdale-153947,"285 E Army Trail Rd, Bloomingdale, IL 60108",(866) 896-1347
The Heathers Senior Homes,27.5,https://www.aplaceformom.com/community/the-heathers-senior-homes-1449796,"4570 Princeton Ln, Lake In The Hills, IL 60156",(866) 896-1347
Home Harbor Assisted Living,32.9,https://www.aplaceformom.com/community/home-harbor-assisted-living-87886,"1600 Ohio Street, Racine, WI 53405",(866) 213-1272
Gurnee Place Memory Care,10.4,https://www.aplaceformom.com/community/gurnee-place-memory-care-1387098,"505 N. Hunt Club Road, Gurnee, IL 60031",(866) 896-1347
Celebrate Senior Living of Niles,15.9,https://www.aplaceformom.com/community/celebrate-senior-living-of-niles-89805,"7000 North Newark Avenue, Niles, IL 60714",(866) 213-1272
Amazing Grace Senior Living,17.2,https://www.aplaceformom.com/community/amazing-grace-senior-living-1446501,"7432 W Talcott, Chicago, IL 60631",(866) 213-1272
Silverado St. Charles,32.0,https://www.aplaceformom.com/community/silverado-st-charles-1413606,"4058 E Main S, Saint Charles, IL 60174",(866) 896-1347
Asbury Court Senior Living Community,15.0,https://www.aplaceformom.com/community/asbury-court-senior-living-community-89380,"1750 South Elmhurst Rd, Des Plaines, IL 60018",(866) 896-1347
Willow Falls,49.3,https://www.aplaceformom.com/community/willow-falls-98640,"1681 Willow Circle Dr, Crest Hill, IL 60403",(866) 213-1272
Magnolia Senior Living,30.2,https://www.aplaceformom.com/community/magnolia-senior-living-1361466,"10 N Washington St, Hinsdale, IL 60521",(866) 896-1347
Sunrise Villa Olympia Fields,49.6,https://www.aplaceformom.com/community/sunrise-villa-olympia-fields-72711,"3633 Breakers Dr, Olympia Fields, IL 60461",(866) 213-1272
Sunrise of Crystal Lake,22.8,https://www.aplaceformom.com/community/sunrise-of-crystal-lake-95100,"751 East Terra Cotta Avenue, Crystal Lake, IL 60014",(866) 896-1347
Porter Place Memory Care,46.5,https://www.aplaceformom.com/community/porter-place-memory-care-1388161,"17833 S Harlem Ave, Tinley Park, IL 60477",(866) 213-1272
Sunrise of Highland Park,4.6,https://www.aplaceformom.com/community/sunrise-of-highland-park-99761,"1601 Green Bay Road, Highland Park, IL 60035",(866) 896-1347
The Pointe at Kilpatrick,42.2,https://www.aplaceformom.com/community/the-pointe-at-kilpatrick-1359992,"14230 S Kilpatrick Ave, Crestwood, IL 60418",(866) 213-1272
Belmont Village Glenview,12.7,https://www.aplaceformom.com/community/belmont-village-glenview-96568,"2200 Golf Road, Glenview, IL 60025",(866) 896-1347
Concord Place,23.3,https://www.aplaceformom.com/community/concord-place-89500,"401 W Lake St, Northlake, IL 60164",(866) 896-1347
Sunrise of Schaumburg,17.4,https://www.aplaceformom.com/community/sunrise-of-schaumburg-95102,"790 North Plum Grove Road, Schaumburg, IL 60173",(866) 896-1347
Arden Courts of Northbrook,10.0,https://www.aplaceformom.com/community/arden-courts-of-northbrook-68554,"3240 Milwaukee Ave, Northbrook, IL 60062",(866) 896-1347
Arbor Terrace Glenview,10.4,https://www.aplaceformom.com/community/arbor-terrace-glenview-1421222,"4700 W Lake Ave, Glenview, IL 60025",(866) 896-1347
Belmont Village Buffalo Grove,7.9,https://www.aplaceformom.com/community/belmont-village-buffalo-grove-96569,"500 McHenry Road, Buffalo Grove, IL 60089",(866) 896-1347
Bickford of St. Charles,34.2,https://www.aplaceformom.com/community/bickford-of-st-charles-148191,"2875 Campton Hills Rd., Saint Charles, IL 60175",(866) 896-1347
Heritage Woods of Plainfield,46.7,https://www.aplaceformom.com/community/heritage-woods-of-plainfield-1342870,"14731 S. Van Dyke Rd, Plainfield, IL 60544",(866) 213-1272
Lincolnwood Place,17.3,https://www.aplaceformom.com/community/lincolnwood-place-89800,"7000 North McCormick Boulevard, Lincolnwood, IL 60712",(866) 896-1347
Sunnymere,41.1,https://www.aplaceformom.com/community/sunnymere-68666,"925 Sixth Avenue, Aurora, IL 60505",(866) 896-1347
Addolorata Villa,7.8,https://www.aplaceformom.com/community/addolorata-villa-89440,"555 McHenry Rd, Wheeling, IL 60090",(866) 896-1347
The Sheridan at Tyler Creek,27.4,https://www.aplaceformom.com/community/the-sheridan-at-tyler-creek-1389329,"508 North McLean, Elgin, IL 60123",(866) 896-1347
Cordia Senior Residence,29.8,https://www.aplaceformom.com/community/cordia-senior-residence-96221,"865 North Cass Avenue, Westmont, IL 60559",(866) 896-1347
Autumn Leaves of Franklin,46.9,https://www.aplaceformom.com/community/autumn-leaves-of-franklin-1401055,"9201 W Drexel Ave, Franklin, WI 53132",(866) 896-1347
Sunrise of Naperville North,35.0,https://www.aplaceformom.com/community/sunrise-of-naperville-north-97201,"535 West Ogden Avenue, Naperville, IL 60563",(866) 896-1347
The Addison of Pleasant Prairie,22.7,https://www.aplaceformom.com/community/the-addison-of-pleasant-prairie-1389328,"9651 Prairie Ridge Blvd, Pleasant Prairie, WI 53158",(866) 896-1347
Victory Centre of Vernon Hills,6.1,https://www.aplaceformom.com/community/victory-centre-of-vernon-hills-1371504,"97 W Phillip Road, Vernon Hills, IL 60061",(866) 896-1347
River Glen of St. Charles,32.1,https://www.aplaceformom.com/community/river-glen-of-st-charles-68604,"975 N 5th Ave, Saint Charles, IL 60174",(866) 896-1347
Oak Park Place - Oak Creek,45.0,https://www.aplaceformom.com/community/oak-park-place-oak-creek-1441115,"1980 W Rawson Ave,, Oak Creek, WI 53154",(866) 896-1347
Sunrise of Buffalo Grove,6.5,https://www.aplaceformom.com/community/sunrise-of-buffalo-grove-89439,"180 West Half Day Road, Buffalo Grove, IL 60089",(866) 896-1347
White Oaks at Heritage Woods of Huntley,30.9,https://www.aplaceformom.com/community/white-oaks-at-heritage-woods-of-huntley-1405967,"12450 Regency Parkway, Huntley, IL 60142",(866) 896-1347
Mount Prospect Senior Living,12.5,https://www.aplaceformom.com/community/mount-prospect-senior-living-1445872,"1111 S. Linneman Road, Mount Prospect, IL 60056",(866) 896-1347
Lexington Square Lombard a CCRC,28.6,https://www.aplaceformom.com/community/lexington-square-lombard-a-ccrc-153106,"555 Foxworth Boulevard, Lombard, IL 60148",(866) 213-1272
The Sheridan at River Forest,23.8,https://www.aplaceformom.com/community/the-sheridan-at-river-forest-1449872,"800 N Harlem Ave, River Forest, IL 60305",(866) 896-1347
ProHealth Care Regency Senior Communities - Muskego,47.5,https://www.aplaceformom.com/community/pro-health-care-regency-senior-communities-muskego-102190,"W181 S8540 Lodge Boulevard, Muskego, WI 53150",(866) 896-1347
Dimensions Living Prospect Heights,10.9,https://www.aplaceformom.com/community/dimensions-living-prospect-heights-89424,"700 E Euclid Ave, Prospect Heights, IL 60070",(866) 896-1347
Lakeview Memory Care,22.4,https://www.aplaceformom.com/community/lakeview-memory-care-1395434,"241 E Lake St, Bloomingdale, IL 60108",(866) 896-1347
Waterford Place Assisted Living & Memory Care,42.2,https://www.aplaceformom.com/community/waterford-place-assisted-living-memory-care-1450506,"808 Cornerstone Crossing, Waterford, WI 53185",(866) 213-1272
Franciscan Village,39.2,https://www.aplaceformom.com/community/franciscan-village-89583,"1270 Village Drive, Lemont, IL 60439",(866) 896-1347
Burr Oak Manor,30.3,https://www.aplaceformom.com/community/burr-oak-manor-87268,"264 Walworth St., Genoa City, WI 53128",(866) 896-1347
Kenosha Place II,28.6,https://www.aplaceformom.com/community/kenosha-place-ii-1441225,"5060 Green Bay Rd, Kenosha, WI 53144",(866) 213-1272
Clifden Court Assisted Living and Memory Care,48.1,https://www.aplaceformom.com/community/clifden-court-assisted-living-and-memory-care-1346826,"6801 W Loomis Rd, Greendale, WI 53129",(866) 896-1347
Three Oaks Assisted Living,20.5,https://www.aplaceformom.com/community/three-oaks-assisted-living-1346462,"1055 Silver Lake Road, Cary, IL 60013",(866) 896-1347
Aspired Living of Westmont,32.9,https://www.aplaceformom.com/community/aspired-living-of-westmont-1397604,"407 W 63rd St, Westmont, IL 60559",(866) 896-1347
Bickford of Oswego,46.7,https://www.aplaceformom.com/community/bickford-of-oswego-147846,"3712 Grove, Oswego, IL 60543",(866) 213-1272
Bickford of Gurnee,10.1,https://www.aplaceformom.com/community/bickford-of-gurnee-1400658,"301 S Hunt Club Rd, Gurnee, IL 60031",(866) 896-1347
Celebrate Senior Living of South Holland,45.9,https://www.aplaceformom.com/community/celebrate-senior-living-of-south-holland-1361552,"16300 Louis Avenue, South Holland, IL 60473",(866) 896-1347
Sunrise of Barrington,16.2,https://www.aplaceformom.com/community/sunrise-of-barrington-143030,"510 West Northwest Highway, Barrington, IL 60010",(866) 896-1347
The Sheridan at Park Ridge,15.2,https://www.aplaceformom.com/community/the-sheridan-at-park-ridge-1412200,"510 N Greenwood, Park Ridge, IL 60068",(866) 213-1272
Lexington Square of Elmhurst a CCRC,26.4,https://www.aplaceformom.com/community/lexington-square-of-elmhurst-a-ccrc-89479,"400 W. Butterfield Road, Elmhurst, IL 60126",(866) 896-1347
Bickford of Aurora,42.5,https://www.aplaceformom.com/community/bickford-of-aurora-1390996,"7 South Orchard Rd, Aurora, IL 60506",(866) 896-1347
White Oaks of Spring Street,28.5,https://www.aplaceformom.com/community/white-oaks-of-spring-street-1405966,"1300 Spring Street, South Elgin, IL 60177",(866) 213-1272
Cantata Adult Life Services a CCRC,27.6,https://www.aplaceformom.com/community/cantata-adult-life-services-a-ccrc-1360261,"8700 W 31st Street, Brookfield, IL 60513",(866) 896-1347
Ramsey Woods,48.5,https://www.aplaceformom.com/community/ramsey-woods-87673,"3210 East Ramsey Ave, Cudahy, WI 53110",(866) 896-1347
Sherwood Lodge LLC,42.8,https://www.aplaceformom.com/community/sherwood-lodge-llc-1363377,"116 Cherry st, Williams Bay, WI 53191",(866) 896-1347
St. Anthony of Lansing Supportive Living,48.5,https://www.aplaceformom.com/community/st-anthony-of-lansing-supportive-living-1363628,"3025 Spring Lake Drive, Lansing, IL 60438",(866) 896-1347
Shepherd of Harvard,41.1,https://www.aplaceformom.com/community/shepherd-of-harvard-68545,"210 E Front St, Harvard, IL 60033",(866) 896-1347
Grand Victorian of Sycamore,46.8,https://www.aplaceformom.com/community/grand-victorian-of-sycamore-140476,"1440 Somonauk Street, Sycamore, IL 60178",(866) 896-1347
Trulee Evanston,15.3,https://www.aplaceformom.com/community/trulee-evanston-1449680,"1815 Ridge Ave, Evanston, IL 60201",(866) 896-1347
Alden Des Plaines,12.9,https://www.aplaceformom.com/community/alden-des-plaines-97451,"1227 E. Golf Rd., Des Plaines, IL 60016",(866) 896-1347
North Point Senior Living,27.7,https://www.aplaceformom.com/community/north-point-senior-living-72396,"3109 12th Street, Kenosha, WI 53144",(866) 896-1347
Victory Centre of South Chicago,38.5,https://www.aplaceformom.com/community/victory-centre-of-south-chicago-160266,"3251 East 92nd Street, Chicago, IL 60617",(866) 896-1347
Sylvan Crossings at Creekside Estates,48.1,https://www.aplaceformom.com/community/sylvan-crossings-at-creekside-estates-87675,"6180 S. Creekside Drive, Cudahy, WI 53110",(866) 896-1347
Hartwell Place,19.8,https://www.aplaceformom.com/community/hartwell-place-89742,"5520 N Paulina St, Chicago, IL 60640",(866) 896-1347
The Springs at Monarch Landing,34.8,https://www.aplaceformom.com/community/the-springs-at-monarch-landing-1379891,"2308 N Route 59, Naperville, IL 60563",(866) 896-1347
Home Inspired Senior Living - Bay Harbor,28.6,https://www.aplaceformom.com/community/home-inspired-senior-living-bay-harbor-1381884,"1201 Village Centre Dr, Kenosha, WI 53144",(866) 896-1347
Oak Park Arms Retirement Community,24.8,https://www.aplaceformom.com/community/oak-park-arms-retirement-community-89539,"408 South Oak Park Avenue, Oak Park, IL 60302",(866) 896-1347
Weinberg Community for Senior Living,5.9,https://www.aplaceformom.com/community/weinberg-community-for-senior-living-89372,"1551 Lake Cook Rd, Deerfield, IL 60015",(866) 896-1347
Summit of Uptown,15.6,https://www.aplaceformom.com/community/summit-of-uptown-89421,"10 N Summit Ave, Park Ridge, IL 60068",(866) 896-1347
The Landings Senior Living,36.0,https://www.aplaceformom.com/community/the-landings-senior-living-1451084,"2450 W Fabyan Pkwy, Batavia, IL 60510",(866) 896-1347
Heritage Woods of McHenry,23.5,https://www.aplaceformom.com/community/heritage-woods-of-mc-henry-146771,"4609 West Crystal Lake Road, McHenry, IL 60050",(866) 213-1272
Meadowmere & Mitchell Manor Oak Creek,45.0,https://www.aplaceformom.com/community/meadowmere-mitchell-manor-oak-creek-97641,"701 East Puetz Road, Oak Creek, WI 53154",(866) 896-1347
Bright Oaks of Aurora,38.5,https://www.aplaceformom.com/community/bright-oaks-of-aurora-1381112,"1340 River St, Aurora, IL 60506",(866) 896-1347
Evergreen Senior Living - Orland Park,47.0,https://www.aplaceformom.com/community/evergreen-senior-living-orland-park-1389625,"10820 183rd St, Orland Park, IL 60467",(866) 896-1347
The Highlands Assisted Living at Moorings of Arlington Heights,13.5,https://www.aplaceformom.com/community/the-highlands-assisted-living-at-moorings-of-arlington-heights-95594,"1071 Moorings Dr, Arlington Heights, IL 60005",(866) 896-1347
The Wellshire Morton Grove,14.3,https://www.aplaceformom.com/community/the-wellshire-morton-grove-1343818,"8415 North Waukegan Road, Morton Grove, IL 60053",(866) 896-1347
Bethesda Rehab & Senior Care,21.2,https://www.aplaceformom.com/community/bethesda-rehab-senior-care-89729,"2833 N Nordica Ave, Chicago, IL 60634",(866) 896-1347
"Friendship Village of Schaumburg, a CCRC",18.9,https://www.aplaceformom.com/community/friendship-village-of-schaumburg-a-ccrc-89524,"350 W Schaumburg Rd, Schaumburg, IL 60194",(866) 896-1347
Bickford of Tinley Park,45.8,https://www.aplaceformom.com/community/bickford-of-tinley-park-1390995,"17301 80th Ave, Tinley Park, IL 60477",(866) 896-1347
Anthology of Grayslake,10.5,https://www.aplaceformom.com/community/anthology-of-grayslake-1397160,"1865 E Belvidere Rd, Grayslake, IL 60030",(866) 896-1347
Prairie Pointe Assisted Living and Memory Care,45.0,https://www.aplaceformom.com/community/prairie-pointe-assisted-living-and-memory-care-1451902,"58 W Park Ave, Sugar Grove, IL 60554",(866) 896-1347
Bickford of Crystal Lake,25.1,https://www.aplaceformom.com/community/bickford-of-crystal-lake-148033,"717 McHenry Ave., Crystal Lake, IL 60014",(866) 896-1347
Villa St. Benedict a CCRC,33.7,https://www.aplaceformom.com/community/villa-st-benedict-a-ccrc-68683,"1920 Maple Avenue, Lisle, IL 60532",(866) 896-1347
Bethany Retirement Community,20.5,https://www.aplaceformom.com/community/bethany-retirement-community-89738,"4950 North Ashland Avenue, Chicago, IL 60640",(866) 896-1347
Pleasant Point,33.6,https://www.aplaceformom.com/community/pleasant-point-67512,"8600 Corporate Drive, Racine, WI 53406",(866) 896-1347
Victory Centre of Sierra Ridge,45.9,https://www.aplaceformom.com/community/victory-centre-of-sierra-ridge-138990,"4150 W. Gatling Blvd., Country Club Hills, IL 60478",(866) 896-1347
Victory Centre of Bartlett,25.0,https://www.aplaceformom.com/community/victory-centre-of-bartlett-140029,"1101 West Bartlett Road, Bartlett, IL 60103",(866) 896-1347
The Reserve at Oswego,43.9,https://www.aplaceformom.com/community/the-reserve-at-oswego-1354531,"900 Douglas Road, Oswego, IL 60543",(866) 896-1347
Sunrise of Lincoln Park,23.6,https://www.aplaceformom.com/community/sunrise-of-lincoln-park-68700,"2710 Clark Street, Chicago, IL 60614",(866) 213-1272
Encore at Bolingbrook,39.6,https://www.aplaceformom.com/community/encore-at-bolingbrook-1366636,"351 Lily Cache Ln, Bolingbrook, IL 60440",(866) 213-1272
Churchview Supportive Living,32.7,https://www.aplaceformom.com/community/churchview-supportive-living-100584,"2626 W. 63rd Street, Chicago, IL 60629",(866) 213-1272
Cedarhurst of Kenosha,21.8,https://www.aplaceformom.com/community/cedarhurst-of-kenosha-97642,"8351 Sheridan Rd, Kenosha, WI 53143",(866) 896-1347
Westbridge Assisted Living & Memory Care,30.0,https://www.aplaceformom.com/community/westbridge-assisted-living-memory-care-68608,"500 Wyndemere Circle, Wheaton, IL 60187",(866) 896-1347
Pine Brook Pointe,36.4,https://www.aplaceformom.com/community/pine-brook-pointe-87670,"1001 Pine St, Burlington, WI 53105",(866) 896-1347
Jennings Terrace,41.4,https://www.aplaceformom.com/community/jennings-terrace-89622,"275 S. La Salle St., Aurora, IL 60505",(866) 896-1347
"Plymouth Place, a CCRC",28.8,https://www.aplaceformom.com/community/plymouth-place-a-ccrc-89649,"315 N La Grange Rd, La Grange Park, IL 60526",(866) 896-1347
The Victory at Village Lakes,16.0,https://www.aplaceformom.com/community/the-victory-at-village-lakes-89399,"1065 Victory Dr, Lindenhurst, IL 60046",(866) 896-1347
Ascension Living Lakeshore at Siena,38.6,https://www.aplaceformom.com/community/ascension-living-lakeshore-at-siena-1394868,"5643 Erie St, Racine, WI 53402",(866) 213-1272
Paul House and Healthcare Center,21.3,https://www.aplaceformom.com/community/paul-house-and-healthcare-center-89698,"3800 North California Ave, Chicago, IL 60618",(866) 213-1272
Victory Centre of Galewood,21.9,https://www.aplaceformom.com/community/victory-centre-of-galewood-154403,"2370 North Newcastle Avenue, Chicago, IL 60707",(866) 896-1347
Oak Hill Supportive Living,15.5,https://www.aplaceformom.com/community/oak-hill-supportive-living-1357592,"76 East Rollins Road, Round Lake Beach, IL 60073",(866) 896-1347
New City Supportive Living,31.1,https://www.aplaceformom.com/community/new-city-supportive-living-1386026,"4707 S Marshfield Ave, Chicago, IL 60609",(866) 213-1272
Heritage Woods of Gurnee,9.4,https://www.aplaceformom.com/community/heritage-woods-of-gurnee-1354388,"3775  Grand Ave, Gurnee, IL 60031",(866) 896-1347
Montclare Supportive Living,27.0,https://www.aplaceformom.com/community/montclare-supportive-living-1405960,"4339 W 18th Place, Chicago, IL 60623",(866) 896-1347
Moraine Court,34.2,https://www.aplaceformom.com/community/moraine-court-89599,"8080 S Harlem Ave, Bridgeview, IL 60455",(866) 896-1347
Deer Path of Huntley (For Ages 22-64),30.8,https://www.aplaceformom.com/community/deer-path-of-huntley-for-ages-22-64-1338612,"12500 Regency Parkway, Huntley, IL 60142",(866) 896-1347
The Gardens of Waterford,40.8,https://www.aplaceformom.com/community/the-gardens-of-waterford-68747,"1955 Randi Drive, Aurora, IL 60504",(866) 896-1347
The Wellshire,4.7,https://www.aplaceformom.com/community/the-wellshire-141574,"170 Jamestown Lane, Lincolnshire, IL 60069",(866) 896-1347
The Heathers - Ringwood,27.2,https://www.aplaceformom.com/community/the-heathers-ringwood-1391707,"6809 Barnard Mill Rd, Ringwood, IL 60072",(866) 896-1347
Greenfields of Geneva a CCRC,37.2,https://www.aplaceformom.com/community/greenfields-of-geneva-a-ccrc-1349416,"0N801 Friendship Way, Geneva, IL 60134",(866) 896-1347
The Clare,26.1,https://www.aplaceformom.com/community/the-clare-100806,"55 East Pearson St, Chicago, IL 60611",(866) 896-1347
White Oaks Memory Care of McHenry,23.4,https://www.aplaceformom.com/community/white-oaks-memory-care-of-mc-henry-1405164,"4605 W Crystal Lake Rd, McHenry, IL 60050",(866) 896-1347
American House Oak Park (Opening Summer 2022),23.7,https://www.aplaceformom.com/community/american-house-oak-park-opening-summer-2022-1451713,"711 Madison St, Oak Park, IL 60302",(866) 896-1347
Kenosha Senior Living,25.7,https://www.aplaceformom.com/community/kenosha-senior-living-87299,"3109 30th Ave, Kenosha, WI 53144",(866) 896-1347
The Garlands of Barrington a CCRC,15.3,https://www.aplaceformom.com/community/the-garlands-of-barrington-a-ccrc-98022,"1000 Garlands Lane, Barrington, IL 60010",(866) 896-1347
Cedarhurst of Naperville/Woodridge,35.6,https://www.aplaceformom.com/community/cedarhurst-of-naperville-woodridge-1409117,"3333 75th St, Woodridge, IL 60517",(866) 896-1347
The Auberge at Naperville,35.8,https://www.aplaceformom.com/community/the-auberge-at-naperville-1366411,"1936 Brookdale Road, Naperville, IL 60563",(866) 896-1347
Artis Senior Living of  Wilmette,12.7,https://www.aplaceformom.com/community/artis-senior-living-of-wilmette-1444948,"335 Ridge Road, Wilmette, IL 60091",(866) 896-1347
Lake Barrington Woods,18.2,https://www.aplaceformom.com/community/lake-barrington-woods-94885,"22320 Classic Ct, Lake Barrington, IL 60010",(866) 896-1347
The Radcliff,20.2,https://www.aplaceformom.com/community/the-radcliff-1413595,"276 E Irving Park Rd, Wood Dale, IL 60191",(866) 896-1347
White Oaks at Heritage Woods of South Elgin,28.9,https://www.aplaceformom.com/community/white-oaks-at-heritage-woods-of-south-elgin-1405965,"700 N McLean Blvd, South Elgin, IL 60177",(866) 896-1347
Museum Residences on Oak,15.6,https://www.aplaceformom.com/community/museum-residences-on-oak-68615,"1555 Oak Ave, Evanston, IL 60201",(866) 896-1347
Aspired Living of La Grange,28.9,https://www.aplaceformom.com/community/aspired-living-of-la-grange-1420503,"35 Shawmut Ave, La Grange, IL 60525",(866) 896-1347
Brighton Gardens of St. Charles,31.2,https://www.aplaceformom.com/community/brighton-gardens-of-st-charles-89505,"600 Dunham Road, Saint Charles, IL 60174",(866) 896-1347
Lutheran Home,11.0,https://www.aplaceformom.com/community/lutheran-home-89776,"800 W Oakton St, Arlington Heights, IL 60004",(866) 896-1347
Sunrise of Park Ridge,13.5,https://www.aplaceformom.com/community/sunrise-of-park-ridge-89422,"1725 West Ballard Road, Park Ridge, IL 60068",(866) 213-1272
Generations Oakton Arms,15.1,https://www.aplaceformom.com/community/generations-oakton-arms-68540,"1665 Oakton Place, Des Plaines, IL 60018",(866) 896-1347
Norwood Crossing,17.2,https://www.aplaceformom.com/community/norwood-crossing-99266,"6016 N. Nina Avenue, Chicago, IL 60631",(866) 896-1347
Autumn Green at Midway Village,32.8,https://www.aplaceformom.com/community/autumn-green-at-midway-village-99865,"6700 S Keating Ave, Chicago, IL 60629",(866) 896-1347
Jackson Park Supportive Living,35.7,https://www.aplaceformom.com/community/jackson-park-supportive-living-141079,"1448 E 75th St, Chicago, IL 60619",(866) 896-1347
Ravenswood Supportive Living,20.5,https://www.aplaceformom.com/community/ravenswood-supportive-living-1451178,"1922 W Sunnyside Ave, Chicago, IL 60640",(866) 896-1347
The Selfhelp Home,20.8,https://www.aplaceformom.com/community/the-selfhelp-home-89746,"908 W. Argyle Street, Chicago, IL 60640",(866) 896-1347
Franciscan Court,28.8,https://www.aplaceformom.com/community/franciscan-court-139315,"1996 Franciscan Way, West Chicago, IL 60185",(866) 896-1347
Sunrise of Palos Park,40.2,https://www.aplaceformom.com/community/sunrise-of-palos-park-95101,"12828 South LaGrange Road, Palos Park, IL 60464",(866) 213-1272
StoryPoint Romeoville,46.3,https://www.aplaceformom.com/community/story-point-romeoville-153178,"605 Edward Dr, Romeoville, IL 60446",(866) 896-1347
The Sheridan at Green Oaks,6.3,https://www.aplaceformom.com/community/the-sheridan-at-green-oaks-1389330,"29330 N Waukegan Rd, Lake Bluff, IL 60044",(866) 896-1347
Charter Senior Living Poplar Creek,19.6,https://www.aplaceformom.com/community/charter-senior-living-poplar-creek-89522,"2150 W Golf Rd, Hoffman Estates, IL 60169",(866) 896-1347
Clarendale Six Corners (AL and IL Opening Fall 2022 and MC Opening Late 2022),20.4,https://www.aplaceformom.com/community/clarendale-six-corners-al-and-il-opening-fall-2022-and-mc-opening-late-2022-1450049,"4715 W Irving Park Rd, Chicago, IL 60641",(866) 213-1272
Sunrise of Bloomingdale,22.6,https://www.aplaceformom.com/community/sunrise-of-bloomingdale-68581,"129 East Lake Street, Bloomingdale, IL 60108",(866) 896-1347
Autumn Leaves of St. Charles,34.3,https://www.aplaceformom.com/community/autumn-leaves-of-st-charles-1354532,"10 N Peck St, Saint Charles, IL 60175",(866) 896-1347
Heritage Woods of Bolingbrook,37.6,https://www.aplaceformom.com/community/heritage-woods-of-bolingbrook-151586,"550 Kildeer Drive, Bolingbrook, IL 60440",(866) 896-1347
The Woods of Caledonia,38.7,https://www.aplaceformom.com/community/the-woods-of-caledonia-87875,"5737 Erie St, Racine, WI 53402",(866) 896-1347
Oak Creek Place,45.4,https://www.aplaceformom.com/community/oak-creek-place-87323,"3829 South Chicago Ave, South Milwaukee, WI 53172",(866) 896-1347
HarborChase of Long Grove,8.4,https://www.aplaceformom.com/community/harbor-chase-of-long-grove-1406554,"1190 Old McHenry Rd, Long Grove, IL 60047",(866) 896-1347
Lacey Creek Supportive Living,31.0,https://www.aplaceformom.com/community/lacey-creek-supportive-living-1387927,"4200 Lacey Rd, Downers Grove, IL 60515",(866) 896-1347
Prairie Green at Fay's Point,41.5,https://www.aplaceformom.com/community/prairie-green-at-fays-point-1375387,"1546 Water Street, Blue Island, IL 60406",(866) 896-1347
Charter Senior Living of Orland Park,43.0,https://www.aplaceformom.com/community/charter-senior-living-of-orland-park-151795,"8021 151st Street, Orland Park, IL 60462",(866) 896-1347
HarborChase of Plainfield,44.5,https://www.aplaceformom.com/community/harbor-chase-of-plainfield-1330201,"12446 South Van Dyke Road, Plainfield, IL 60585",(866) 896-1347
Heritage Woods of Chicago,25.5,https://www.aplaceformom.com/community/heritage-woods-of-chicago-101426,"2800 West Fulton, Chicago, IL 60612",(866) 896-1347
Alden of Huntley,30.7,https://www.aplaceformom.com/community/alden-of-huntley-1409106,"12140A Regency Pkwy, Huntley, IL 60142",(866) 896-1347
Coles Supportive Living,36.2,https://www.aplaceformom.com/community/coles-supportive-living-138332,"7419 S Exchange, Chicago, IL 60649",(866) 896-1347
Asbury Gardens,39.1,https://www.aplaceformom.com/community/asbury-gardens-89657,"210 Airport Road, North Aurora, IL 60542",(866) 896-1347
The Courts of Waterford,40.8,https://www.aplaceformom.com/community/the-courts-of-waterford-99627,"1991 Randi Drive, Aurora, IL 60504",(866) 896-1347
American House Cedarlake,47.2,https://www.aplaceformom.com/community/american-house-cedarlake-142810,"14800 Van Dyke Road, Plainfield, IL 60544",(866) 896-1347
Heritage of Muskego,47.4,https://www.aplaceformom.com/community/heritage-of-muskego-1420161,"S64 W13780 Janesville Road, Muskego, WI 53150",(866) 896-1347
St. Joseph Village of Chicago,21.5,https://www.aplaceformom.com/community/st-joseph-village-of-chicago-90194,"4021 W Belmont, Chicago, IL 60641",(866) 213-1272
Robin Way,23.1,https://www.aplaceformom.com/community/robin-way-67421,"7377 88th Avenue, Kenosha, WI 53142",(866) 896-1347
Brookdale Lake View,23.3,https://www.aplaceformom.com/community/brookdale-lake-view-89786,"3121 North Sheridan Road, Chicago, IL 60657",(866) 896-1347
Shepherd of Crystal Lake,23.5,https://www.aplaceformom.com/community/shepherd-of-crystal-lake-1437451,"5430 Hillside Rd, Crystal Lake, IL 60012",(866) 896-1347
Heritage Woods of South Elgin,28.9,https://www.aplaceformom.com/community/heritage-woods-of-south-elgin-152083,"700 North Mclean Boulevard, South Elgin, IL 60177",(866) 896-1347
Hearthstone Communities,31.0,https://www.aplaceformom.com/community/hearthstone-communities-68572,"840 N Seminary Avenue, Woodstock, IL 60098",(866) 896-1347
Brenwood Park Assisted Living,46.3,https://www.aplaceformom.com/community/brenwood-park-assisted-living-97595,"9535 W Loomis Ave, Franklin, WI 53132",(866) 896-1347
Ascension Living Resurrection Village,17.2,https://www.aplaceformom.com/community/ascension-living-resurrection-village-89726,"7262 W Peterson Ave, Chicago, IL 60631",(866) 896-1347
Victory Centre of Roseland,38.7,https://www.aplaceformom.com/community/victory-centre-of-roseland-139642,"10450 S. Michigan Ave, Chicago, IL 60628",(866) 213-1272
Cornerstone of Oak Creek,45.0,https://www.aplaceformom.com/community/cornerstone-of-oak-creek-87316,"155 W Sunnyview Dr, Oak Creek, WI 53154",(866) 896-1347
Cudahy Place Senior Living,49.8,https://www.aplaceformom.com/community/cudahy-place-senior-living-1369033,"3460 East Barnard Avenue, Cudahy, WI 53110",(866) 896-1347
Shepherd of Bull Valley,22.4,https://www.aplaceformom.com/community/shepherd-of-bull-valley-1437450,"1001 Cherry Valley Rd, Bull Valley, IL 60050",(866) 213-1272
Alexian Village of Elk Grove,18.5,https://www.aplaceformom.com/community/alexian-village-of-elk-grove-101427,"975 Martha Street, Elk Grove Village, IL 60007",(866) 896-1347
Prospect Heights Community Living Center,34.4,https://www.aplaceformom.com/community/prospect-heights-community-living-center-1353876,"2015 Prospect Street, Racine, WI 53404",(866) 896-1347
Victory Centre of River Oaks,46.7,https://www.aplaceformom.com/community/victory-centre-of-river-oaks-101425,"1370 Ring Road, Calumet City, IL 60409",(866) 896-1347
700 On Sheridan (Now Open),2.6,https://www.aplaceformom.com/community/700-on-sheridan-now-open-1451603,"700 Sheridan Rd, Highwood, IL 60040",(866) 896-1347
Azpira Place Lake Zurich,12.9,https://www.aplaceformom.com/community/azpira-place-lake-zurich-1395932,"795 Rand Rd, Lake Zurich, IL 60047",(866) 896-1347
Marian Village,44.2,https://www.aplaceformom.com/community/marian-village-96360,"15624 Marian Drive, Homer Glen, IL 60491",(866) 896-1347
Royal Estates Assistive Living,45.2,https://www.aplaceformom.com/community/royal-estates-assistive-living-89973,"1515 E 154th Street, Dolton, IL 60419",(866) 896-1347
Arbor View,35.6,https://www.aplaceformom.com/community/arbor-view-67394,"34201 Arbor Ln, Burlington, WI 53105",(866) 213-1272
Parkview Gardens,38.3,https://www.aplaceformom.com/community/parkview-gardens-154060,"5321 Douglas Avenue, Racine, WI 53402",(866) 213-1272
The Highlands Assisted Living at Westminster Place,14.3,https://www.aplaceformom.com/community/the-highlands-assisted-living-at-westminster-place-95596,"3131 Simpson St, Evanston, IL 60201",(866) 896-1347
Maywood Supportive Living (Opening Summer 2022),24.4,https://www.aplaceformom.com/community/maywood-supportive-living-opening-summer-2022-68597,"316 Randolph St, Maywood, IL 60153",(866) 896-1347
Harbor House - Memory Care,8.0,https://www.aplaceformom.com/community/harbor-house-memory-care-89441,"760 McHenry Rd, Wheeling, IL 60090",(866) 896-1347
Bishop Edwin Conway Residence,23.1,https://www.aplaceformom.com/community/bishop-edwin-conway-residence-68730,"1900 N Karlov Ave, Chicago, IL 60639",(866) 896-1347
Shepherd Premier Living Crystal Lake II (Opening Fall 2022),23.5,https://www.aplaceformom.com/community/shepherd-premier-living-crystal-lake-ii-opening-fall-2022-1441320,"7716 Crystal Springs Rd, Crystal Lake, IL 60012",(866) 896-1347
Cedarhurst of Woodstock (Opening Summer 2022),31.2,https://www.aplaceformom.com/community/cedarhurst-of-woodstock-opening-summer-2022-1452146,"10511 US-14, Woodstock, IL 60098",(866) 896-1347
Inspiration Ministries,43.9,https://www.aplaceformom.com/community/inspiration-ministries-1354022,"N2270 Hwy 67, Walworth, WI 53184",(866) 896-1347
Tudor Oaks Senior Living Community,47.8,https://www.aplaceformom.com/community/tudor-oaks-senior-living-community-87308,"S77 W12929 McShane Dr, Muskego, WI 53150",(866) 896-1347
Rolling Hills Place a CCRC community,15.8,https://www.aplaceformom.com/community/rolling-hills-place-a-ccrc-community-89450,"3521 16th St, Zion, IL 60099",(866) 896-1347
Dayton Care Center,23.9,https://www.aplaceformom.com/community/dayton-care-center-87285,"521 59th St, Kenosha, WI 53140",(866) 896-1347
Rosewood Manor,47.3,https://www.aplaceformom.com/community/rosewood-manor-98090,"2220 Borg Road, Delavan, WI 53115",(866) 896-1347
Vines Senior Home,25.0,https://www.aplaceformom.com/community/vines-senior-home-89468,"971 Bode Rd, Elgin, IL 60120",(866) 896-1347
Archwood Senior Living,26.6,https://www.aplaceformom.com/community/archwood-senior-living-1443160,"25025 75th St, Salem, WI 53168",(866) 344-3225
Saratoga Grove,29.8,https://www.aplaceformom.com/community/saratoga-grove-89636,"3460 Saratoga Ave, Downers Grove, IL 60515",(866) 344-3225
Sage Meadow Lake Geneva,38.5,https://www.aplaceformom.com/community/sage-meadow-lake-geneva-98184,"6722 Highway 50 E, Lake Geneva, WI 53147",(866) 344-3225
Sage Meadow Racine,30.7,https://www.aplaceformom.com/community/sage-meadow-racine-142679,"6109 Braun Rd, Racine, WI 53403",(866) 344-3225
The Reserve at Arlington Heights,14.4,https://www.aplaceformom.com/community/the-reserve-at-arlington-heights-1381368,"1625 S. Arlington Heights Rd, Arlington Heights, IL 60005",(866) 344-3225
Randall Residence of McHenry,22.0,https://www.aplaceformom.com/community/randall-residence-of-mc-henry-139492,"3300 Charles J. Miller Road, McHenry, IL 60050",(866) 344-3225
Victorian Village,42.3,https://www.aplaceformom.com/community/victorian-village-97390,"12600 Renaissance Circ, Homer Glen, IL 60491",(866) 344-3225
Magnolia Hill - Mount Pleasant,31.3,https://www.aplaceformom.com/community/magnolia-hill-mount-pleasant-1412158,"3820 Old Green Bay Rd, Mount Pleasant, WI 53403",(866) 344-3225
Library Terrace Assisted Living,22.4,https://www.aplaceformom.com/community/library-terrace-assisted-living-139055,"7905 36th Avenue, Kenosha, WI 53142",(866) 344-3225
Franciscan Villa,45.6,https://www.aplaceformom.com/community/franciscan-villa-87324,"3601 S Chicago Ave, South Milwaukee, WI 53172",(866) 344-3225
Wickshire Wilmette,12.9,https://www.aplaceformom.com/community/wickshire-wilmette-89443,"615 Ridge Road, Wilmette, IL 60091",(866) 344-3225
Tender Reflections of Elkhorn,46.8,https://www.aplaceformom.com/community/tender-reflections-of-elkhorn-1394392,"1550 N Country Club Pkwy, Elkhorn, WI 53121",(866) 344-3225
Central Baptist Village,18.8,https://www.aplaceformom.com/community/central-baptist-village-68764,"4747 North Canfield Avenue, Norridge, IL 60706",(866) 344-3225
Shepherd of Gurnee,9.1,https://www.aplaceformom.com/community/shepherd-of-gurnee-1440502,"5631 Manchester Dr, Gurnee, IL 60031",(866) 344-3225
The Birches Assisted Living,31.6,https://www.aplaceformom.com/community/the-birches-assisted-living-89632,"215 55th Street, Clarendon Hills, IL 60514",(866) 344-3225
Creek Side Terrace,44.9,https://www.aplaceformom.com/community/creek-side-terrace-1351782,"8861 South 13th Street, Oak Creek, WI 53154",(866) 344-3225
Waterford Senior Living,40.5,https://www.aplaceformom.com/community/waterford-senior-living-141822,"301 S. 6th St., Waterford, WI 53185",(866) 344-3225
The Vistas Fox Valley,38.2,https://www.aplaceformom.com/community/the-vistas-fox-valley-101308,"1599 N. Farnsworth, Aurora, IL 60505",(866) 344-3225
Ridgestone Village,48.5,https://www.aplaceformom.com/community/ridgestone-village-87257,"1025 South 2nd Street, Delavan, WI 53115",(866) 344-3225
The Auberge at Orchard Park,14.6,https://www.aplaceformom.com/community/the-auberge-at-orchard-park-1336978,"5520 Lincoln Avenue, Morton Grove, IL 60053",(866) 344-3225
Church Creek,14.0,https://www.aplaceformom.com/community/church-creek-89778,"1250 West Central Road, Arlington Heights, IL 60005",(866) 344-3225
Forest Ridge Senior Community,49.1,https://www.aplaceformom.com/community/forest-ridge-senior-community-87275,"11077 West Forest Home Avenue, Hales Corners, WI 53130",(866) 344-3225
Clifden Court West,48.0,https://www.aplaceformom.com/community/clifden-court-west-142973,"6771 S 68th Street, Franklin, WI 53132",(866) 344-3225
Clifden Court East,48.0,https://www.aplaceformom.com/community/clifden-court-east-87280,"6751 S 68th St, Franklin, WI 53132",(866) 344-3225
Heritage Woods of Batavia,34.8,https://www.aplaceformom.com/community/heritage-woods-of-batavia-100586,"1079 E. Wilson Street, Batavia, IL 60510",(866) 344-3225
Killarney Kourt,31.9,https://www.aplaceformom.com/community/killarney-kourt-101382,"8800 Shannon Lane, Sturtevant, WI 53177",(866) 344-3225
King Bruwaert House,31.9,https://www.aplaceformom.com/community/king-bruwaert-house-68677,"6101 County Line Road, Burr Ridge, IL 60527",(866) 344-3225
Creek Side Manor,44.9,https://www.aplaceformom.com/community/creek-side-manor-155881,"8841 S 13th St, Oak Creek, WI 53154",(866) 344-3225
Citadel Estates-Hazel Crest,47.7,https://www.aplaceformom.com/community/citadel-estates-hazel-crest-95469,"3701 West 183rd Street, Hazel Crest, IL 60429",(866) 344-3225
Covenant Home of Chicago,19.7,https://www.aplaceformom.com/community/covenant-home-of-chicago-68716,"2720 W Foster Ave, Chicago, IL 60625",(866) 344-3225
Casa del Mare Memory Care,25.5,https://www.aplaceformom.com/community/casa-del-mare-memory-care-1356922,"3508 7th Avenue, Kenosha, WI 53140",(866) 344-3225
Rosewood Cottage,44.3,https://www.aplaceformom.com/community/rosewood-cottage-1436461,"7711 Big Bend Rd, Waterford, WI 53185",(866) 344-3225
Maplewood Cottage,44.3,https://www.aplaceformom.com/community/maplewood-cottage-159702,"7711 Big Bend Rd, Waterford, WI 53185",(866) 344-3225
Willowgreen Assisted Living,39.7,https://www.aplaceformom.com/community/willowgreen-assisted-living-87873,"4719 Kingdom Court, Racine, WI 53108",(866) 344-3225
Birchrock Castle,48.9,https://www.aplaceformom.com/community/birchrock-castle-138473,"210 McDivitt Ln, Mukwonago, WI 53149",(866) 344-3225
Smith Village a CCRC,39.0,https://www.aplaceformom.com/community/smith-village-a-ccrc-152159,"2320 W. 113th Place, Chicago, IL 60643",(866) 344-3225
Peace Village a CCRC,40.3,https://www.aplaceformom.com/community/peace-village-a-ccrc-89608,"10300 Village Circle Drive, Palos Park, IL 60464",(866) 344-3225
Matthews of Oak Creek,46.6,https://www.aplaceformom.com/community/matthews-of-oak-creek-67438,"7550 S. 13th St., Oak Creek, WI 53154",(866) 344-3225
The Wealshire,4.7,https://www.aplaceformom.com/community/the-wealshire-68561,"170 Jamestown Ln, Lincolnshire, IL 60069-2119",(866) 344-3225
Ponds of Wealshire Inc,4.8,https://www.aplaceformom.com/community/ponds-of-wealshire-inc-68560,"150 Jamestown Ln, Lincolnshire, IL 60069-2119",(866) 344-3225
Three Crowns Park,14.2,https://www.aplaceformom.com/community/three-crowns-park-68617,"2323 McDainel, Evanston, IL 60201",(866) 344-3225
Prairieview At The Garlands,15.3,https://www.aplaceformom.com/community/prairieview-at-the-garlands-1449283,"6000 Garlands Lane, Barrington, IL 60010",(866) 344-3225
Danish Home of Chicago,17.7,https://www.aplaceformom.com/community/danish-home-of-chicago-68725,"5656 N Newcastle Ave, Chicago, IL 60631",(866) 344-3225
Friedman Place for the Blind and Visually Imp,19.4,https://www.aplaceformom.com/community/friedman-place-for-the-blind-and-visually-imp-102233,"5527 N Maplewood, Chicago, IL 60625",(866) 344-3225
Eden Supportive Living,21.8,https://www.aplaceformom.com/community/eden-supportive-living-142260,"940 West Gordon Terrace, Chicago, IL 60613",(866) 344-3225
Greenview Place,22.6,https://www.aplaceformom.com/community/greenview-place-1383241,"1501 W Melrose St, Chicago, IL 60657",(866) 344-3225
Symphony Residences of Lincoln Park,23.5,https://www.aplaceformom.com/community/symphony-residences-of-lincoln-park-89688,"2437 N. Southport, Chicago, IL 60614",(866) 344-3225
Lexington Square,26.5,https://www.aplaceformom.com/community/lexington-square-68589,"400 W Butterfield Rd, Elmhurst, IL 60126-4903",(866) 344-3225
Tower Hill Healthcare Center,28.8,https://www.aplaceformom.com/community/tower-hill-healthcare-center-89509,"759 Kane St, South Elgin, IL 60177",(866) 344-3225
Pioneer Gardens,30.9,https://www.aplaceformom.com/community/pioneer-gardens-139857,"3800 South Martin Luther King Drive, Chicago, IL 60653",(866) 344-3225
Timber Oaks,33.1,https://www.aplaceformom.com/community/timber-oaks-67443,"1390 8th Ave, Union Grove, WI 53182",(866) 344-3225
Harmony Commons of Racine,33.6,https://www.aplaceformom.com/community/harmony-commons-of-racine-97658,"8500 Corporate Dr., Racine, WI 53406",(866) 344-3225
Primrose Retirement Racine,34.8,https://www.aplaceformom.com/community/primrose-retirement-racine-1369018,"1775 N. Newman Road Mt Pleasant Village, Racine, WI 53406",(866) 344-3225
Tabor Hills Supportive Living Community,35.1,https://www.aplaceformom.com/community/tabor-hills-supportive-living-community-89673,"1628 Cermak Ct., Naperville, IL 60563",(866) 344-3225
The Bay at Burlington,37.0,https://www.aplaceformom.com/community/the-bay-at-burlington-87669,"677 East State Street, Burlington, WI 53105",(866) 344-3225
Walnut Grove At Lake Geneva,37.5,https://www.aplaceformom.com/community/walnut-grove-at-lake-geneva-1448182,"6722 State Road 50, Lake Geneva, WI 53147",(866) 344-3225
Serenity Terrace,37.6,https://www.aplaceformom.com/community/serenity-terrace-87887,"4606 W Johnson Ave, Racine, WI 53405",(866) 344-3225
Geneva Crossing,37.8,https://www.aplaceformom.com/community/geneva-crossing-98185,"201 Townline Rd., Lake Geneva, WI 53147",(866) 344-3225
Alvernia Manor Senior Living,38.7,https://www.aplaceformom.com/community/alvernia-manor-senior-living-157376,"13950 Main Street, Lemont, IL 60439",(866) 344-3225
Washington & Jane Smith Home,39.0,https://www.aplaceformom.com/community/washington-jane-smith-home-68741,"2315 W 112th Pl, Chicago, IL 60643",(866) 344-3225
Robbins Supportive Living,42.0,https://www.aplaceformom.com/community/robbins-supportive-living-140249,"13820 S. Utica Ave, Robbins, IL 60472",(866) 344-3225
Country View,42.6,https://www.aplaceformom.com/community/country-view-67437,"10507 S. Chicago Road, Oak Creek, WI 53154",(866) 344-3225
Golden Years Retirement Vlg,42.6,https://www.aplaceformom.com/community/golden-years-retirement-vlg-87330,"270 Ridge Rd, Walworth, WI 53184",(866) 344-3225
Franciscan Courts,45.5,https://www.aplaceformom.com/community/franciscan-courts-1366901,"1000 Williams Ave, South Milwaukee, WI 53172",(866) 344-3225
KindredHearts of Elkhorn,46.1,https://www.aplaceformom.com/community/kindred-hearts-of-elkhorn-67408,"450 E Geneva St, Elkhorn, WI 53121",(866) 344-3225
St. John's Manor,46.4,https://www.aplaceformom.com/community/st-johns-manor-67440,"812 Marquette Ave, South Milwaukee, WI 53172",(866) 344-3225
Silver Birch of Hammond,46.5,https://www.aplaceformom.com/community/silver-birch-of-hammond-1403825,"5620 Sohl Avenue, Hammond, IN 46320",(866) 344-3225
Brolen Park,47.2,https://www.aplaceformom.com/community/brolen-park-137946,"2191 Church Street, East Troy, WI 53120",(866) 344-3225
Caring Alternatives of Muskego NOW OPEN,47.8,https://www.aplaceformom.com/community/caring-alternatives-of-muskego-now-open-1414410,"W182 S8320 Pioneer Dr, Muskego, WI 53150",(866) 344-3225
East Troy Manor,48.3,https://www.aplaceformom.com/community/east-troy-manor-87261,"3271 North St, East Troy, WI 53120",(866) 344-3225
Ridgestone Terrace RCAC & The Gardens at RidgeStone Memory  CBRF,48.8,https://www.aplaceformom.com/community/ridgestone-terrace-rcac-the-gardens-at-ridge-stone-memory-cbrf-144063,"291 W. Evergreen Pkwy, Elkhorn, WI 53121",(866) 344-3225
Brolen Meadows,48.9,https://www.aplaceformom.com/community/brolen-meadows-1393930,"1340 Main St, Mukwonago, WI 53149",(866) 344-3225
Park Hills West,49.6,https://www.aplaceformom.com/community/park-hills-west-87277,"5910 South 118th Street, Hales Corners, WI 53130",(866) 344-3225
Lincolnshire Place,46.1,https://www.aplaceformom.com/community/lincolnshire-place-1352413,"710 Vellagio, Sycamore, IL 60178",(866) 344-3225
Windsor Park Manor,27.3,https://www.aplaceformom.com/community/windsor-park-manor-89518,"124 Windsor Park Dr., Carol Stream, IL 60188",(866) 344-3225
Elizabeth Gardens,33.0,https://www.aplaceformom.com/community/elizabeth-gardens-1370911,"5111 Wright Avenue, Racine, WI 53406",(866) 344-3225
Rest Haven West,29.8,https://www.aplaceformom.com/community/rest-haven-west-89635,"3450 Saratoga Ave, Downers Grove, IL 60515-1194",(866) 344-3225
Becker-Shoop Ctr,32.8,https://www.aplaceformom.com/community/becker-shoop-ctr-67511,"6101 16th St, Racine, WI 53406",(866) 344-3225
St Monica's Senior Citizens Hm,36.8,https://www.aplaceformom.com/community/st-monicas-senior-citizens-hm-67509,"3920 N Green Bay Road, Racine, WI 53404",(866) 344-3225
Bay Point The Atrium of Racine,36.9,https://www.aplaceformom.com/community/bay-point-the-atrium-of-racine-67502,"3900 N Main St, Racine, WI 53402",(866) 344-3225
Schmidt Home,42.7,https://www.aplaceformom.com/community/schmidt-home-87319,"10441 S Nicholson Rd, Oak Creek, WI 53154",(866) 344-3225
The Suites at Greenfield Assisted Living,48.8,https://www.aplaceformom.com/community/the-suites-at-greenfield-assisted-living-87410,"5790 S 27th Street, Milwaukee, WI 53221",(866) 344-3225
